ID,duration,wav,wrd
F05_440C0209_STR,3.0040625,/et05_str_simu/F05_440C0209_STR.wav,A P. B. G. C. SPOKESWOMAN DECLINED COMMENT
F06_446C020D_STR,6.4719375,/et05_str_simu/F06_446C020D_STR.wav,THE ISSUE IS RATED SINGLE A BY MOODY'S AND SINGLE A MINUS BY S. AND P.
M06_442C020K_STR,3.5040625,/et05_str_simu/M06_442C020K_STR.wav,THAT WOULD FOLLOW A TWO POINT TWO PERCENT DROP IN MAY
M06_445C020K_STR,6.424125,/et05_str_simu/M06_445C020K_STR.wav,BUT TO THE SURPRISE OF ALMOST EVERYONE STOCK PRICES BEGAN A STEADY CLIMB THAT PUSHED THE AVERAGE ABOVE WEDNESDAY'S CLOSE
M06_441C020S_STR,3.192,/et05_str_simu/M06_441C020S_STR.wav,ANALYSTS HAVEN'T FOCUSED ON WHAT HAPPENED TO THEM
M06_445C020H_STR,4.5040625,/et05_str_simu/M06_445C020H_STR.wav,THE SUIT SEEKS TO BLOCK THE CONTRACT WHICH WOULD HAVE RAISED PAY LEVELS BUT CUT BENEFITS
M06_444C0206_STR,7.792125,/et05_str_simu/M06_444C0206_STR.wav,THE UNSOLD BALANCE LATE YESTERDAY WAS ABOUT THIRTY SIX POINT THREE MILLION DOLLARS ACCORDING TO SHEARSON LEHMAN BROTHERS THE LEAD UNDERWRITER
M06_443C0213_STR,3.3290625,/et05_str_simu/M06_443C0213_STR.wav,HONDA WAS DOWN TEN TO ONE THOUSAND NINE HUNDRED THIRTY
F05_444C0201_STR,7.90825,/et05_str_simu/F05_444C0201_STR.wav,IN THE NINETEEN EIGHTY FIVE QUARTER THE OWNER AND OPERATOR OF HEALTH MAINTENANCE ORGANIZATIONS EARNED SIX POINT NINE MILLION DOLLARS OR TWENTY FOUR CENTS A SHARE
F06_440C0206_STR,4.335875,/et05_str_simu/F06_440C0206_STR.wav,TWO OTHER ISSUES BEGAN TRADING RECENTLY ON THE BIG BOARD
F06_447C0214_STR,2.0078125,/et05_str_simu/F06_447C0214_STR.wav,WE DIDN'T LIKE THAT
F05_443C0207_STR,2.732125,/et05_str_simu/F05_443C0207_STR.wav,IT ISN'T CLEAR YET WHETHER THE CAMPAIGN WORKS
M06_447C0207_STR,7.7280625,/et05_str_simu/M06_447C0207_STR.wav,WASHINGTON NATIONAL PAID NINETEEN DOLLARS A SHARE FOR THE TWO POINT SIX MILLION UNITED PRESIDENTIAL SHARES IT DIDN'T ALREADY OWN
F06_442C020M_STR,5.8160625,/et05_str_simu/F06_442C020M_STR.wav,EVEN SOME BIGGER COMPANIES CAUTION THAT THEY ARE LEERY OF PAYING TOO BIG A PREMIUM
F05_442C0210_STR,2.5161875,/et05_str_simu/F05_442C0210_STR.wav,HE DECLINED TO NAME SPECIFIC PRODUCTS
M06_440C020W_STR,5.00425,/et05_str_simu/M06_440C020W_STR.wav,DURABLE GOODS REPORTS FREQUENTLY ARE HIGHLY VOLATILE FROM MONTH TO MONTH
F06_440C020K_STR,7.896125,/et05_str_simu/F06_440C020K_STR.wav,THE TRANSACTION REQUIRES APPROVAL OF A MAJORITY OF THE SHARES OF THE HOLDERS NOT AFFILIATED WITH MR. ICAHN
M05_442C0206_STR,6.09175,/et05_str_simu/M05_442C0206_STR.wav,THE TORONTO BASED COMPANY PROVIDES MORTGAGE GUARANTEES TO THE CANADIAN REAL ESTATE INDUSTRY
M06_442C020J_STR,9.780375,/et05_str_simu/M06_442C020J_STR.wav,ACCORDING TO THE AVERAGE ESTIMATE OF SEVEN ECONOMISTS SURVEYED BY DOW JONES CAPITAL MARKETS REPORT NEW ORDERS FOR U. S. DURABLE GOODS ROSE TWO POINT FOUR PERCENT LAST MONTH
F06_441C020Z_STR,10.6961875,/et05_str_simu/F06_441C020Z_STR.wav,THE COMPANY SAID ITS EUROPEAN BANKING AFFILIATE SAFRA REPUBLIC PLANS TO RAISE MORE THAN FOUR HUNDRED FIFTY MILLION DOLLARS THROUGH AN INTERNATIONAL OFFERING
M05_442C0204_STR,9.3238125,/et05_str_simu/M05_442C0204_STR.wav,M. I. C. C. INVESTMENTS HAS THREE SERIES OF PUBLICLY TRADED PREFERRED SHARES AND TEN SERIES OF PRIVATELY HELD PREFERRED STOCK
M06_441C020N_STR,6.4925,/et05_str_simu/M06_441C020N_STR.wav,COMPANIES ARE LISTED WHERE TRANSACTIONS GENERALLY AGGREGATE TEN THOUSAND SHARES OR ONE HUNDRED THOUSAND DOLLARS
F06_445C020Z_STR,4.8800625,/et05_str_simu/F06_445C020Z_STR.wav,M. C. I. PLANS TO BEGIN OFFERING THE SERVICE AT THE END OF THIS MONTH
F05_446C020I_STR,6.1403125,/et05_str_simu/F05_446C020I_STR.wav,HE SAID THE COMPANY'S GOAL IS TO HAVE FIFTEEN PERCENT TO TWENTY PERCENT REVENUE GROWTH TO ABOUT THREE POINT TWO BILLION DOLLARS FOR THE YEAR
M05_441C020B_STR,6.835875,/et05_str_simu/M05_441C020B_STR.wav,GRAND AUTO SLID THREE TO FIFTEEN AND ONE EIGHTH ON THE AMERICAN STOCK EXCHANGE
M06_446C020U_STR,3.1399375,/et05_str_simu/M06_446C020U_STR.wav,THAT WOULD FOLLOW A TWO POINT TWO PERCENT DROP IN MAY
F05_444C0210_STR,7.820375,/et05_str_simu/F05_444C0210_STR.wav,THE INSTITUTE SAID EARNED PREMIUMS ROSE THREE POINT ONE PERCENT IN THE SECOND QUARTER FAILING TO KEEP PACE WITH INFLATION WHICH ROSE FOUR POINT FIVE PERCENT
F05_447C0210_STR,5.8760625,/et05_str_simu/F05_447C0210_STR.wav,FOUNDED LAST OCTOBER NEW YORK'S BODY POSITIVE ALREADY HAS SIXTEEN GROUPS MEETING EVERY TWO WEEKS
M06_440C020V_STR,6.8440625,/et05_str_simu/M06_440C020V_STR.wav,THE RATE ON SIX MONTH BILLS FELL TO SIX POINT SEVEN THREE PERCENT FROM SIX POINT EIGHT THREE PERCENT
F05_445C0208_STR,2.94825,/et05_str_simu/F05_445C0208_STR.wav,THEIR BUSINESS ISN'T JUST A JOB BUT THEIR INVESTMENT
F05_440C020T_STR,2.5561875,/et05_str_simu/F05_440C020T_STR.wav,RATES FELL ON SHORT TERM TREASURY BILLS
M06_445C020S_STR,3.9201875,/et05_str_simu/M06_445C020S_STR.wav,LATELY COMPUTER RETAILING HAS BEEN TOUGH ON EVERYBODY
F05_446C020B_STR,7.66025,/et05_str_simu/F05_446C020B_STR.wav,THE ISSUE WAS PRICED AFTER AUCTION TO YIELD FROM THREE POINT FIVE PERCENT IN NINETEEN EIGHTY SEVEN TO FIVE POINT FIVE PERCENT IN NINETEEN NINETY SEVEN
F05_440C020E_STR,7.3565625,/et05_str_simu/F05_440C020E_STR.wav,THE AVERAGE RATE ON NEW THIRTEEN WEEK TREASURY BILLS INCREASED TO SIX POINT ONE TWO PERCENT FROM FIVE POINT NINE SEVEN PERCENT AT THE PREVIOUS AUCTION LAST WEEK
M05_447C0215_STR,11.3554375,/et05_str_simu/M05_447C0215_STR.wav,SHEARSON LEHMAN HUTTON INCORPORATED'S INDEX OF LONG TERM TREASURY BONDS STAYED IN A VERY SMALL RANGE YESTERDAY FINISHING VERY CLOSE TO WEDNESDAY'S CLOSING LEVEL
M06_443C020R_STR,6.216125,/et05_str_simu/M06_443C020R_STR.wav,AS PART OF THE MARKETING PLAN THE COMPANY WILL BEGIN AIRING TELEVISION COMMERCIALS DURING PRIME TIME ON ELECTION NIGHT NEXT TUESDAY
F06_442C0213_STR,1.5364375,/et05_str_simu/F06_442C0213_STR.wav,THAT'S FINE
F05_443C020D_STR,6.56425,/et05_str_simu/F05_443C020D_STR.wav,AMONG EXPORT LED ELECTRICAL AND COMPUTER MAKERS JAPAN VICTOR COMPANY FELL FIFTY TO TWO THOUSAND THREE HUNDRED TWENTY
F05_444C020G_STR,6.260125,/et05_str_simu/F05_444C020G_STR.wav,STATE OFFICIALS HOWEVER SAY THE AIRLINES HAVE INDICATED THEY WILL COMPLY WITH MOST OF THE STANDARDS AS LONG AS COMPETITORS DO
F06_441C0216_STR,3.3119375,/et05_str_simu/F06_441C0216_STR.wav,HE DECLINED TO NAME SPECIFIC PRODUCTS
M05_441C020P_STR,5.3080625,/et05_str_simu/M05_441C020P_STR.wav,IF THE DOLLAR STARTS TO PLUNGE THE FED MAY STEP UP ITS DEFENSE OF THE CURRENCY
F05_445C020J_STR,8.30825,/et05_str_simu/F05_445C020J_STR.wav,YESTERDAY'S SESSION BEGAN WITH A SHARP QUICK DECLINE IN THE INDUSTRIAL AVERAGE OF MORE THAN FORTY FIVE POINTS WHICH SOME MARKET ANALYSTS ATTRIBUTED TO FOREIGN SELLING
F05_442C020X_STR,3.384,/et05_str_simu/F05_442C020X_STR.wav,ABOUT THREE POINT FIVE BILLION DOLLARS OF SECURITIES ARE AFFECTED
M06_446C0213_STR,5.304125,/et05_str_simu/M06_446C0213_STR.wav,IT ALSO OWNS THREE STATE BUSINESS MAGAZINES IN FLORIDA GEORGIA AND ARIZONA
F06_446C020A_STR,8.0400625,/et05_str_simu/F06_446C020A_STR.wav,SEPARATELY NEW YORK STATE SOLD ABOUT SEVENTY SEVEN POINT ONE MILLION DOLLARS OF CERTIFICATES OF PARTICIPATION
F06_441C020K_STR,12.3601875,/et05_str_simu/F06_441C020K_STR.wav,THE FOLLOWING OFFICERS DIRECTORS AND LARGE STOCKHOLDERS OF COMPANIES REPORTED CHANGES IN HOLDINGS UNDER THE SECURITIES EXCHANGE ACT OF NINETEEN THIRTY FOUR
F06_444C020I_STR,5.1760625,/et05_str_simu/F06_444C020I_STR.wav,KYOCERA WAS UP SIXTY AT FIVE THOUSAND TWO HUNDRED SIXTY
F06_444C0211_STR,11.4321875,/et05_str_simu/F06_444C0211_STR.wav,HOWEVER INVESTMENT INCOME WHICH REPRESENTS THIRTEEN PERCENT OF THE INDUSTRY'S REVENUES ROSE ELEVEN PERCENT IN THE QUARTER REFLECTING GAINS FROM THE RISING STOCK MARKET
F06_444C0213_STR,4.9600625,/et05_str_simu/F06_444C0213_STR.wav,A CHANGE IN THE FIRM'S OWNERSHIP ALSO SHOULD TURN ON A BRIGHT WARNING LIGHT
F05_443C0202_STR,5.076125,/et05_str_simu/F05_443C0202_STR.wav,THE DEPARTMENT PREVIOUSLY SAID JOBS ROSE BY FOUR HUNDRED FORTY EIGHT THOUSAND IN JANUARY
M06_441C020F_STR,4.84,/et05_str_simu/M06_441C020F_STR.wav,ALSO A MOVE TO BASE IT ABROAD WILL HAVE TAX ADVANTAGES
M05_443C0214_STR,9.659625,/et05_str_simu/M05_443C0214_STR.wav,NISSAN LOST THIRTY TO ONE THOUSAND FIVE HUNDRED TWENTY AND TOYOTA WAS DOWN THIRTY TO END THE DAY AT TWO THOUSAND SIX HUNDRED TWENTY
F05_445C0213_STR,2.452,/et05_str_simu/F05_445C0213_STR.wav,FROM AMERICA CHINA LOOKED GOOD
M05_441C020C_STR,9.9719375,/et05_str_simu/M05_441C020C_STR.wav,THE COMPANY WHICH RUNS RETAIL AUTOMOTIVE STORES TOLD SHEARSON LEHMAN BROTHERS ITS FINANCIAL ADVISER TO TERMINATE DISCUSSIONS TO SELL THE FIRM
M05_441C020J_STR,7.5556875,/et05_str_simu/M05_441C020J_STR.wav,TODAY NINETY PERCENT OF THE FOUR BILLION DOLLARS OF B. A. S. F. SALES IN THE U. S. IS PRODUCED THERE
M06_443C020Y_STR,7.1518125,/et05_str_simu/M06_443C020Y_STR.wav,THERE WERE TWO HUNDRED FIFTY SIX ISSUES ADVANCING THREE HUNDRED THREE DECLINING AND TWO HUNDRED NINETY TWO UNCHANGED
F05_445C020X_STR,3.5003125,/et05_str_simu/F05_445C020X_STR.wav,CONTINENTAL STARTED THE APPEAL PROCESS BUT RECENTLY SETTLED THE CASE
F06_442C0212_STR,5.1680625,/et05_str_simu/F06_442C0212_STR.wav,FOREIGNERS ARE BACK AND NEGOTIATING WITH THE CHINESE WILL BE AS TOUGH AS EVER
F05_442C020N_STR,3.3801875,/et05_str_simu/F05_442C020N_STR.wav,WE'RE GOING TO BE BIDDERS SAID A TOP OFFICIAL OF A MAJOR OIL COMPANY
M05_441C0210_STR,6.04375,/et05_str_simu/M05_441C0210_STR.wav,AFTER THE OFFERING REPUBLIC NEW YORK WILL HOLD ABOUT FORTY NINE PERCENT OF THE AFFILIATE
M06_443C020H_STR,5.528375,/et05_str_simu/M06_443C020H_STR.wav,THOSE IDENTIFIED AS BENEFICIAL OWNERS HOLD AT LEAST TEN PERCENT OF A COMPANY'S EQUITY SECURITIES
F06_440C0211_STR,4.6400625,/et05_str_simu/F06_440C0211_STR.wav,ABOUT THREE POINT FIVE BILLION DOLLARS OF SECURITIES ARE AFFECTED
M05_444C020P_STR,11.147375,/et05_str_simu/M05_444C020P_STR.wav,IN RESPONSE AMFAC SHARES ROSE ONE DOLLAR TO FORTY SEVEN DOLLARS AND SEVENTY FIVE CENTS IN NEW YORK STOCK EXCHANGE COMPOSITE TRADING YESTERDAY
M05_447C020B_STR,6.0198125,/et05_str_simu/M05_447C020B_STR.wav,THESE ARE UNEDUCATED PEOPLE HE SAYS IN ENGLISH SO THE PATIENTS WON'T UNDERSTAND
M05_447C020F_STR,5.6598125,/et05_str_simu/M05_447C020F_STR.wav,THEY WERE SOLD TO UNDERWRITERS LED BY PRUDENTIAL BACHE SECURITIES INCORPORATED
M06_445C020F_STR,4.6320625,/et05_str_simu/M06_445C020F_STR.wav,IT RECEIVED NO PROPOSALS THAT WERE IN THE BEST INTEREST OF THE SHAREHOLDERS THE COMPANY SAID
M06_445C020L_STR,7.44,/et05_str_simu/M06_445C020L_STR.wav,ALTHOUGH THOSE GAINS ERODED DURING THE AFTERNOON STOCK PRICES STAYED WITHIN A NARROW RANGE UNTIL THE LAST HALF HOUR OF TRADING
F05_444C020H_STR,6.628125,/et05_str_simu/F05_444C020H_STR.wav,AMONG EXPORT LED ELECTRICAL AND COMPUTER MAKERS JAPAN VICTOR COMPANY FELL FIFTY TO TWO THOUSAND THREE HUNDRED TWENTY
M06_447C020L_STR,5.496625,/et05_str_simu/M06_447C020L_STR.wav,EMPLOYMENT LOOKED STRONG INFLATION WAS LOW AND CONSUMER SPENDING AND INVESTMENT WERE HOLDING UP REASONABLY WELL
F05_444C020D_STR,3.268125,/et05_str_simu/F05_444C020D_STR.wav,IT ADDS TO THE SUPPORT FOR THE TRADE BILL GETTING THROUGH HE SAID
M05_443C020W_STR,8.235625,/et05_str_simu/M05_443C020W_STR.wav,THE AMERICAN STOCK EXCHANGE INDEX LOST ZERO POINT SEVEN THREE TO THREE HUNDRED EIGHTY POINT NINE FOUR
F06_447C020I_STR,5.28825,/et05_str_simu/F06_447C020I_STR.wav,IT HAD FOURTEEN POINT FIVE MILLION COMMON SHARES OUTSTANDING BEFORE THE ISSUE
M05_440C020Y_STR,4.7880625,/et05_str_simu/M05_440C020Y_STR.wav,ESTIMATES FOR THE GAIN RANGED FROM TWO PERCENT TO THREE PERCENT
F06_444C020A_STR,6.5760625,/et05_str_simu/F06_444C020A_STR.wav,IN ADDITION BANKS IN GENERAL ARE BEING PUSHED BY REGULATORS TO BOOST THEIR CAPITAL POSITIONS
M06_440C0205_STR,2.848,/et05_str_simu/M06_440C0205_STR.wav,THE COMPANY PREVIOUSLY TRADED OVER THE COUNTER
F06_446C0205_STR,3.6,/et05_str_simu/F06_446C0205_STR.wav,NO ONE AT THE STATE DEPARTMENT WANTS TO LET SPIES IN
F05_441C020T_STR,2.099,/et05_str_simu/F05_441C020T_STR.wav,HAS EXPOSURE REALLY BEEN REDUCED
M06_442C020C_STR,5.7520625,/et05_str_simu/M06_442C020C_STR.wav,SHAMROCK HAS INTERESTS IN TELEVISION AND RADIO STATIONS ENERGY SERVICES REAL ESTATE AND VENTURE CAPITAL
M05_444C020L_STR,7.6598125,/et05_str_simu/M05_444C020L_STR.wav,NO ONE IS MAKING VERY MUCH MONEY ON IT ACKNOWLEDGES BRIAN J. KELLY CHAIRMAN OF BELL ATLANTIC'S INVESTMENT DEVELOPMENT UNIT
M05_444C0209_STR,10.267625,/et05_str_simu/M05_444C0209_STR.wav,AS ONE OF THE MOST ACQUISITION HUNGRY OF MAJOR BANKS CITICORP IS OFTEN REQUIRED BY REGULATORS TO RAISE ADDITIONAL CAPITAL AS A CONDITION OF MAKING ACQUISITIONS
F06_446C020Z_STR,5.712125,/et05_str_simu/F06_446C020Z_STR.wav,REPUBLIC NEW YORK ROSE ONE AND ONE QUARTER TO FORTY FIVE AND SEVEN EIGHTHS
M05_443C020O_STR,8.9719375,/et05_str_simu/M05_443C020O_STR.wav,HE SAID THE COMPANY HAS ENTERED SIXTEEN SMALLER CELLULAR MARKETS THIS YEAR AND HAS EXPANDED ITS FINANCIAL SERVICES WORK FORCE
F06_440C020R_STR,8.08825,/et05_str_simu/F06_440C020R_STR.wav,PRICES ARE GOING UP SAID GEORGE C. EADS VICE PRESIDENT AND CHIEF ECONOMIST AT GENERAL MOTORS CORPORATION
M06_444C020U_STR,4.2599375,/et05_str_simu/M06_444C020U_STR.wav,M. C. I. PLANS TO BEGIN OFFERING THE SERVICE AT THE END OF THE MONTH
F06_444C020E_STR,6.3360625,/et05_str_simu/F06_444C020E_STR.wav,SEVERAL AIRLINES HAVE ALSO OPPOSED THE STANDARDS AND MAY FIGHT SOME ASPECTS IN COURT
M05_443C020N_STR,8.491625,/et05_str_simu/M05_443C020N_STR.wav,THE OFFICIAL DECLINED TO ELABORATE ON PROJECTIONS FOR NON TELEPHONE OPERATIONS BUT CITED SEVERAL INDICATORS OF RECENT GAINS
F05_442C020I_STR,4.220125,/et05_str_simu/F05_442C020I_STR.wav,BUT ON THE FIRST READ THROUGH THE CASE IS WITHOUT MERIT AND WE INTEND TO FIGHT IT
M05_441C0205_STR,2.97975,/et05_str_simu/M05_441C0205_STR.wav,THE LANGUAGE IS A BIG PROBLEM
F05_446C020E_STR,8.5881875,/et05_str_simu/F05_446C020E_STR.wav,FIDELITY HAD CONTENDED THAT GENCORP ISN'T A QUALIFIED BROADCASTER BECAUSE IT FAILED TO DISCLOSE ALLEGEDLY IMPROPER POLITICAL CAMPAIGN CONTRIBUTIONS AND FOREIGN PAYMENTS
M06_446C0211_STR,5.3840625,/et05_str_simu/M06_446C0211_STR.wav,AFTER THE OFFERING REPUBLIC NEW YORK WILL HOLD ABOUT FORTY NINE PERCENT OF THE AFFILIATE
M05_442C020R_STR,9.275625,/et05_str_simu/M05_442C020R_STR.wav,THE COMPANY THEN ACCEPTS THE SHARES TENDERED AT THE LOWEST PRICE NEEDED TO REACH ITS TOTAL THEN PAYS THAT AMOUNT FOR ALL SHARES IT PURCHASES
F06_440C020Q_STR,5.8401875,/et05_str_simu/F06_440C020Q_STR.wav,THE RISE IN AUTO IMPORTS ALSO REFLECTS HIGHER PRICES FOR IMPORTED CARS
F05_447C0211_STR,2.79625,/et05_str_simu/F05_447C0211_STR.wav,LATELY COMPUTER RETAILING HAS BEEN TOUGH ON EVERYBODY
M06_445C0210_STR,6.26425,/et05_str_simu/M06_445C0210_STR.wav,AS PART OF THE MARKETING PLAN THE COMPANY WILL BEGIN AIRING TELEVISION COMMERCIALS DURING PRIME TIME ON ELECTION NIGHT NEXT TUESDAY
F05_446C020T_STR,9.0521875,/et05_str_simu/F05_446C020T_STR.wav,ACCORDING TO THE AVERAGE ESTIMATE OF SEVEN ECONOMISTS SURVEYED BY DOW JONES CAPITAL MARKETS REPORT NEW ORDERS FOR U. S. DURABLE GOODS ROSE TWO POINT FOUR PERCENT LAST MONTH
M06_445C0207_STR,2.3521875,/et05_str_simu/M06_445C0207_STR.wav,BUT THE PENALTIES FOR FAILURE ARE REAL
M05_443C020C_STR,7.55575,/et05_str_simu/M05_443C020C_STR.wav,EMPLOYMENT LOOKED STRONG INFLATION WAS LOW AND CONSUMER SPENDING AND INVESTMENT WERE HOLDING UP REASONABLY WELL
M05_443C020Q_STR,5.099875,/et05_str_simu/M05_443C020Q_STR.wav,M. C. I. PLANS TO BEGIN OFFERING THE SERVICE AT THE END OF THIS MONTH
F05_447C0206_STR,5.116,/et05_str_simu/F05_447C0206_STR.wav,HE CITES THE LAW OF LARGE NUMBERS CAN YOU REALLY EXPECT IT TO GROW AT LARGE NUMBERS VERY LONG
F06_446C020X_STR,8.440125,/et05_str_simu/F06_446C020X_STR.wav,MANY ANALYSTS CITE AN EXPECTED INCREASE IN AIRCRAFT ORDERS AS A BIG REASON FOR THE ANTICIPATED JUNE INCREASE
F05_447C0201_STR,5.3961875,/et05_str_simu/F05_447C0201_STR.wav,I DON'T MEAN THERE COULDN'T BE SOME IMPROVEMENTS IN THE REVENUE ACT OF NINETEEN EIGHTY SIX WHICH TOOK EFFECT THIS MONTH
F05_440C020I_STR,6.220625,/et05_str_simu/F05_440C020I_STR.wav,THERE SHOULDN'T BE ANY RISK TO THE BANKS IN THIS SORT OF STUFF SAID LAWRENCE COHN A BANKING ANALYST AT MERRILL LYNCH AND COMPANY
F06_440C020B_STR,11.096125,/et05_str_simu/F06_440C020B_STR.wav,ECONOMISTS WERE ENCOURAGED BY A ONE POINT SIX PERCENT INCREASE IN NEW ORDERS FOR NON DEFENSE CAPITAL GOODS AN IMPORTANT INDICATOR OF FUTURE BUSINESS INVESTMENT
F05_442C020T_STR,6.7561875,/et05_str_simu/F05_442C020T_STR.wav,VOLUME WAS MODEST AS THREE HUNDRED TWENTY SIX POINT SEVEN MILLION SHARES CHANGED HANDS COMPARED WITH THREE HUNDRED NINETY SIX POINT FIVE MILLION FRIDAY
F06_440C0208_STR,3.448,/et05_str_simu/F06_440C0208_STR.wav,UNION OFFICIALS EXPECT RATIFICATION
F06_447C020K_STR,2.600125,/et05_str_simu/F06_447C020K_STR.wav,THAT WAS CERTAINLY TRUE LAST WEEK
F05_440C020G_STR,3.3080625,/et05_str_simu/F05_440C020G_STR.wav,ANALYSTS TOO GENERALLY PLAYED DOWN THE EFFECT ON BANKS
M05_443C020B_STR,2.748,/et05_str_simu/M05_443C020B_STR.wav,THAT WAS CERTAINLY TRUE LAST WEEK
F06_441C0203_STR,4.2480625,/et05_str_simu/F06_441C0203_STR.wav,FIRST COMMODITY OFFICIALS COULDN'T BE REACHED FOR COMMENT
F05_444C020C_STR,6.4605,/et05_str_simu/F05_444C020C_STR.wav,SENATE FINANCE CHAIRMAN LLOYD BENTSEN D. TEXAS SAID HE WOULD SPEED UP WORK ON THE PACKAGE BECAUSE OF THE CRASH
M05_445C020A_STR,6.73175,/et05_str_simu/M05_445C020A_STR.wav,A LONG LIST OF OTHER WITNESSES HAVE ALSO TESTIFIED IN THE TRIAL NOW IN ITS FOURTH MONTH
F05_444C020F_STR,3.4041875,/et05_str_simu/F05_444C020F_STR.wav,SO FAR THEY HAVE DECLINED TO COMMENT PUBLICLY ON THEIR PLANS
F05_444C0215_STR,5.30825,/et05_str_simu/F05_444C0215_STR.wav,IMPORTANT PERSONNEL USUALLY ARE LOCKED INTO LONG TERM CONTRACTS WITH INCENTIVES AIMED AT REDUCING THAT PROBLEM
F05_446C020C_STR,6.1643125,/et05_str_simu/F05_446C020C_STR.wav,THE UNSOLD BALANCE LATE YESTERDAY WAS ABOUT THIRTY SIX POINT THREE MILLION DOLLARS ACCORDING TO SHEARSON LEHMAN BROTHERS THE LEAD UNDERWRITER
F05_447C020E_STR,4.8280625,/et05_str_simu/F05_447C020E_STR.wav,NORTHGATE EXPLORATION LIMITED SAID IT SOLD FOUR MILLION COMMON SHARES AT EIGHT DOLLARS EACH
F06_443C0204_STR,10.0643125,/et05_str_simu/F06_443C0204_STR.wav,M. I. C. C. INVESTMENTS HAS THREE SERIES OF PUBLICLY TRADED PREFERRED SHARES AND TEN SERIES OF PRIVATELY HELD PREFERRED STOCK
M06_447C020X_STR,5.264,/et05_str_simu/M06_447C020X_STR.wav,SALANT SHARES CLOSED UNCHANGED ON THE BIG BOARD AT NINE DOLLARS AND SEVENTY FIVE CENTS
F06_445C0202_STR,6.864125,/et05_str_simu/F06_445C0202_STR.wav,IF ALL TWENTY MILLION SHARES WERE PURCHASED THE COMPANY'S EQUITY WOULD BE REDUCED BY ABOUT ONE THIRD
F06_444C020X_STR,7.4480625,/et05_str_simu/F06_444C020X_STR.wav,THE AMERICAN STOCK EXCHANGE INDEX LOST ZERO POINT SEVEN THREE TO THREE HUNDRED EIGHTY POINT NINE FOUR
M05_444C0208_STR,5.8760625,/et05_str_simu/M05_444C0208_STR.wav,CITICORP HAD TWENTY ONE POINT FIVE BILLION DOLLARS IN CAPITAL AT THE END OF LAST YEAR
F05_445C020R_STR,4.6760625,/et05_str_simu/F05_445C020R_STR.wav,IF THE FED PUSHES THE DOLLAR HIGHER IT MAY CURB THE DEMAND FOR U. S. EXPORTS
F05_444C020Y_STR,6.132125,/et05_str_simu/F05_444C020Y_STR.wav,VOLUME WAS EIGHTEEN MILLION ONE HUNDRED NINETY THOUSAND SHARES COMPARED WITH TEN MILLION FIVE HUNDRED FIFTY THOUSAND MONDAY
M06_446C020Y_STR,4.056,/et05_str_simu/M06_446C020Y_STR.wav,ESTIMATES FOR THE GAIN RANGED FROM TWO PERCENT TO THREE PERCENT
M06_445C020E_STR,8.2881875,/et05_str_simu/M06_445C020E_STR.wav,THE COMPANY WHICH RUNS RETAIL AUTOMOTIVE STORES TOLD SHEARSON LEHMAN BROTHERS ITS FINANCIAL ADVISER TO TERMINATE DISCUSSIONS TO SELL THE FIRM
F06_446C020M_STR,7.7843125,/et05_str_simu/F06_446C020M_STR.wav,NET INCOME ROSE ONE HUNDRED TWENTY FIVE PERCENT TO SEVEN HUNDRED FIFTY THREE MILLION SWISS FRANCS IN THE PERIOD
F05_447C020Y_STR,5.7163125,/et05_str_simu/F05_447C020Y_STR.wav,INCREASINGLY PEOPLE WHO TEST POSITIVE JOIN THE SUPPORT GROUPS THAT HAVE SPRUNG UP ACROSS THE COUNTRY IN THE PAST YEAR
F06_445C020C_STR,5.2245625,/et05_str_simu/F06_445C020C_STR.wav,TESTIMONY CONCLUDED THIS WEEK AND CLOSING ARGUMENTS ARE SCHEDULED TO BEGIN MONDAY
M05_444C020S_STR,8.2518125,/et05_str_simu/M05_444C020S_STR.wav,INCENTIVES CAN MOVE AROUND SALES BUT NOT CREATE THEM SAID CHARLES BRADY AN OPPENHEIMER AND COMPANY AUTO STOCK ANALYST
M06_445C0206_STR,3.328,/et05_str_simu/M06_445C0206_STR.wav,WE'RE NOT PREPARED TO BE ADVOCATES FOR THE K. G. B.
M05_447C020V_STR,7.98775,/et05_str_simu/M05_447C020V_STR.wav,MANHATTAN INDUSTRIES CONTINUED TO TRADE ABOVE THE OFFER PRICE YESTERDAY INDICATING THE MARKET EXPECTS A HIGHER BID
F06_442C0216_STR,7.872375,/et05_str_simu/F06_442C0216_STR.wav,IMPORTANT PERSONNEL USUALLY ARE LOCKED INTO LONG TERM CONTRACTS WITH INCENTIVES AIMED AT REDUCING THAT PROBLEM
F05_440C0202_STR,7.7005625,/et05_str_simu/F05_440C0202_STR.wav,THE COMPANY HAS FIVE HUNDRED JAPANESE MANAGERS OVERSEAS MOST OF THEM IN KEY POSITIONS AND EXPECTS THE NUMBER TO RISE SIXTY PERCENT IN THE NEXT FIVE YEARS
M05_444C020K_STR,4.56425,/et05_str_simu/M05_444C020K_STR.wav,LATELY COMPUTER RETAILING HAS BEEN TOUGH ON EVERYBODY
M05_440C020C_STR,8.7716875,/et05_str_simu/M05_440C020C_STR.wav,THE RISE IN THAT CATEGORY IN JULY WAS LED BY INCREASED ORDERS FOR AIRCRAFT AND PARTS NONELECTRICAL MACHINERY LUMBER AND FURNITURE
F06_442C020Q_STR,10.00025,/et05_str_simu/F06_442C020Q_STR.wav,IN A DUTCH AUCTION HOLDERS TENDER THEIR SHARES AT PRICES WITHIN A STATED RANGE IN THIS CASE BETWEEN TWENTY EIGHT DOLLARS AND THIRTY THREE DOLLARS A SHARE
M05_446C020H_STR,8.0919375,/et05_str_simu/M05_446C020H_STR.wav,HE SAID THAT FOR THE FULL YEAR WANG IS AIMING FOR AN AFTER TAX PROFIT EQUAL TO THREE PERCENT TO FIVE PERCENT OF SALES
F05_442C020H_STR,4.5803125,/et05_str_simu/F05_442C020H_STR.wav,WE JUST RECEIVED THE SUIT AND THE DOCUMENT IS MASSIVE IT'S TWO HUNDRED PAGES
F06_440C020A_STR,8.08025,/et05_str_simu/F06_440C020A_STR.wav,DESPITE THE JULY DECLINE DURABLE GOODS ORDERS REMAINED SEVEN POINT SEVEN PERCENT ABOVE THE YEAR EARLIER LEVEL
M05_441C020X_STR,7.2278125,/et05_str_simu/M05_441C020X_STR.wav,THE BOND FUNDS IN PARTICULAR PROVIDE ROBUST YIELDS FOR INVESTORS AND HEFTY FEES FOR UNDERWRITERS
M05_441C020M_STR,9.5630625,/et05_str_simu/M05_441C020M_STR.wav,UNLESS OTHERWISE NOTED CHANGES INVOLVED DIRECT HOLDINGS OF COMMON STOCK AND TOOK PLACE IN SEPTEMBER AND OCTOBER OF NINETEEN EIGHTY SEVEN
M05_447C020A_STR,3.9479375,/et05_str_simu/M05_447C020A_STR.wav,UNITED PRESIDENTIAL IS A LIFE INSURANCE COMPANY
F06_446C020R_STR,9.0801875,/et05_str_simu/F06_446C020R_STR.wav,AMONG MEN FIFTY SIX PERCENT SAID THE U. S. WAS DOING TOO LITTLE IN SPACE EXPLORATION ONLY A QUARTER OF WOMEN AGREED
M05_440C020S_STR,4.6361875,/et05_str_simu/M05_440C020S_STR.wav,WHAT WE DON'T KNOW IS HOW MUCH IS PRICE AND HOW MUCH IS VOLUME
M05_440C020L_STR,5.0276875,/et05_str_simu/M05_440C020L_STR.wav,THE INVESTOR NOW OWNS SEVENTY THREE PERCENT OF THE COMPANY
M05_444C020R_STR,9.8996875,/et05_str_simu/M05_444C020R_STR.wav,THE MID JULY INCREASE CAME EVEN THOUGH AUTO MAKERS ARE OFFERING INCENTIVES ON FEWER CARS THIS YEAR THAN THEY DID LAST YEAR OR EARLIER THIS YEAR
M06_440C0201_STR,4.296125,/et05_str_simu/M06_440C0201_STR.wav,AT N. E. C. THE NEED FOR INTERNATIONAL MANAGERS WILL KEEP RISING
M05_441C0206_STR,3.851875,/et05_str_simu/M05_441C0206_STR.wav,IN EUROPE AN AMERICAN CAN AT LEAST READ STREET SIGNS
M05_442C0211_STR,2.8919375,/et05_str_simu/M05_442C0211_STR.wav,SO NORMALCY HAS RETURNED
F05_446C020S_STR,6.1081875,/et05_str_simu/F05_446C020S_STR.wav,AMONG MEN FORTY ONE PERCENT SUPPORTED BOOSTING THE SPACE EXPLORATION BUDGET COMPARED WITH NINETEEN PERCENT OF WOMEN
F06_447C0217_STR,9.5441875,/et05_str_simu/F06_447C0217_STR.wav,THE LOW WAS ONE THOUSAND TWO HUNDRED SEVENTY POINT ONE NINE AND THE HIGH WAS ONE THOUSAND TWO HUNDRED SEVENTY THREE POINT EIGHT EIGHT
M05_442C020D_STR,9.371625,/et05_str_simu/M05_442C020D_STR.wav,SONY CORPORATION FOR EXAMPLE CLOSED AT FOUR THOUSAND NINE HUNDRED FIFTY YEN THIRTY FOUR DOLLARS AND FIFTY CENTS A SHARE YESTERDAY
M06_446C0207_STR,3.888125,/et05_str_simu/M06_446C0207_STR.wav,THAT DOESN'T MEAN MR. ICAHN HAS COMMITTED ANY WRONGDOING
M06_443C020K_STR,6.612,/et05_str_simu/M06_443C020K_STR.wav,AFTER THE THIRD PERIOD ASHLAND'S COAL OPERATIONS BEGAN A PROCESS OF BECOMING AN INDEPENDENT COMPANY
F06_447C020G_STR,9.2320625,/et05_str_simu/F06_447C020G_STR.wav,THE UNDERWRITING GROUP HAS A THIRTY DAY OPTION TO ACQUIRE AN ADDITIONAL FIVE HUNDRED THOUSAND SHARES AT EIGHT DOLLARS EACH
M06_440C020X_STR,5.9521875,/et05_str_simu/M06_440C020X_STR.wav,MANY ANALYSTS CITE AN EXPECTED INCREASE IN AIRCRAFT ORDERS AS A BIG REASON FOR THE ANTICIPATED JUNE INCREASE
M06_447C020W_STR,6.2000625,/et05_str_simu/M06_447C020W_STR.wav,THE SHARES CLOSED AT EIGHTEEN DOLLARS AND TWENTY FIVE CENTS UP TWENTY FIVE CENTS ON THE NEW YORK STOCK EXCHANGE COMPOSITE TAPE
F06_440C0212_STR,8.9439375,/et05_str_simu/F06_440C0212_STR.wav,HE ALSO SAID THAT THE COMPANY FOR THE FIRST TIME WAS DEVELOPING DRUGS SPECIFICALLY FOR THE OVER THE COUNTER CONSUMER HEALTH CARE MARKET
M06_443C0201_STR,9.824125,/et05_str_simu/M06_443C0201_STR.wav,THE LABOR DEPARTMENT SAID NON FARM PAYROLL EMPLOYMENT INCREASED A ROBUST THREE HUNDRED THIRTY SEVEN THOUSAND LAST MONTH AFTER A REVISED THREE HUNDRED NINETEEN THOUSAND GAIN THE MONTH BEFORE
F06_441C0215_STR,5.5119375,/et05_str_simu/F06_441C0215_STR.wav,HE SAID SUCH PRODUCTS WOULD BE MARKETED BY OTHER COMPANIES WITH EXPERIENCE IN THAT BUSINESS
M05_443C020F_STR,8.6678125,/et05_str_simu/M05_443C020F_STR.wav,SONY WHICH LOST POINTS IN PREVIOUS SESSIONS THIS WEEK REBOUNDED EIGHTY TO FIVE THOUSAND ONE HUNDRED THIRTY
M06_447C0204_STR,11.04,/et05_str_simu/M06_447C0204_STR.wav,MR. ROBERTSON SAYS HE WOULD ONLY BE ATTRACTED BY A NINETEEN MULTIPLE IF HE THOUGHT THE PROJECTED EARNINGS GROWTH RATE WAS EIGHTEEN PERCENT TO TWENTY PERCENT
F06_442C020V_STR,6.296125,/et05_str_simu/F06_442C020V_STR.wav,UTILITY ANALYSTS HOWEVER EXPECT THE AGREEMENT TO BE COMPLETED WITHOUT MUCH DIFFICULTY
F06_447C0213_STR,3.5680625,/et05_str_simu/F06_447C0213_STR.wav,WE HAD TO SUSTAIN SOME MODEST OPERATING LOSSES
F06_445C0203_STR,5.4880625,/et05_str_simu/F06_445C0203_STR.wav,A SPOKESMAN SAID THE COMPANY HAS ABOUT SIXTY MILLION SHARES OUTSTANDING
F06_446C020J_STR,9.85625,/et05_str_simu/F06_446C020J_STR.wav,IN FISCAL NINETEEN EIGHTY SEVEN WANG HAD A LOSS OF SEVENTY POINT SEVEN MILLION DOLLARS ON REVENUE OF TWO POINT EIGHT FOUR BILLION DOLLARS
F05_442C020W_STR,7.0201875,/et05_str_simu/F05_442C020W_STR.wav,YESTERDAY MOODY'S INVESTORS SERVICE RAISED LILCO'S CREDIT RATINGS IN RECOGNITION OF THE IMPROVED OUTLOOK FOR STEADY FINANCIAL RECOVERY
F05_445C020M_STR,3.356,/et05_str_simu/F05_445C020M_STR.wav,GILLETTE IS AGAIN A TARGET OF A MAJOR CORPORATE RAIDER
F06_446C0201_STR,9.888,/et05_str_simu/F06_446C0201_STR.wav,HERE ARE PRICE TRENDS ON THE WORLD'S MAJOR STOCK MARKETS AS CALCULATED BY MORGAN STANLEY CAPITAL INTERNATIONAL PERSPECTIVE GENEVA
F06_447C0205_STR,1.704125,/et05_str_simu/F06_447C0205_STR.wav,HE DOESN'T
M06_446C020Q_STR,5.78425,/et05_str_simu/M06_446C020Q_STR.wav,THERE WAS A STRIKING SPLIT BETWEEN THE SEXES WITH MEN MORE LIKELY THAN WOMEN TO FAVOR SPACE PROGRAMS
M06_443C020U_STR,6.284125,/et05_str_simu/M06_443C020U_STR.wav,FEES RANGE UP TO ABOUT FORTY DOLLARS ANNUALLY FOR BASIC CARDS AND SIXTY DOLLARS A YEAR FOR GOLD CARDS
F06_446C0210_STR,10.6963125,/et05_str_simu/F06_446C0210_STR.wav,THE COMPANY SAID ITS EUROPEAN BANKING AFFILIATE SAFRA REPUBLIC PLANS TO RAISE MORE THAN FOUR HUNDRED FIFTY MILLION DOLLARS THROUGH AN INTERNATIONAL OFFERING
M06_442C0207_STR,5.82,/et05_str_simu/M06_442C0207_STR.wav,GRAND AUTO SLID THREE TO FIFTEEN AND ONE EIGHTH ON THE AMERICAN STOCK EXCHANGE
M06_444C020V_STR,6.50425,/et05_str_simu/M06_444C020V_STR.wav,AS PART OF THE MARKETING PLAN THE COMPANY WILL BEGIN AIRING TELEVISION COMMERCIALS DURING PRIME TIME ON ELECTION NIGHT NEXT TUESDAY
F06_444C020Q_STR,9.8560625,/et05_str_simu/F06_444C020Q_STR.wav,THE OFFERS INDICATE A TOTAL PRICE FOR THE COMPANY EXCEEDING EIGHT HUNDRED MILLION DOLLARS BASED ON SEVENTEEN POINT TWO MILLION SHARES OUTSTANDING
M06_443C0212_STR,2.952,/et05_str_simu/M06_443C0212_STR.wav,YESTERDAY'S LOSERS INCLUDED AUTOMOBILES
M05_441C0211_STR,10.3074375,/et05_str_simu/M05_441C0211_STR.wav,AT THE CLOSE THE FINANCIAL TIMES THIRTY SHARE INDEX WAS THREE POINT NINE POINTS LOWER AT ONE THOUSAND FOUR HUNDRED EIGHTEEN POINT SIX
F05_444C0202_STR,5.46825,/et05_str_simu/F05_444C0202_STR.wav,IT HAD FORECAST A NINETEEN EIGHTY SIX FOURTH QUARTER LOSS OF EIGHTEEN MILLION DOLLARS TO TWENTY TWO MILLION DOLLARS
F06_441C020R_STR,7.3921875,/et05_str_simu/F06_441C020R_STR.wav,TOO MUCH FOCUS IS PLACED ON REDUCTION OF CROSS COUNTRY LOANS MR. MEYERMAN SAID
F05_442C020Z_STR,4.1800625,/et05_str_simu/F05_442C020Z_STR.wav,HE SAID SUCH PRODUCTS WOULD BE MARKETED BY OTHER COMPANIES WITH EXPERIENCE IN THAT BUSINESS
M06_442C0214_STR,4.416125,/et05_str_simu/M06_442C0214_STR.wav,A CHANGE IN THE FIRM'S OWNERSHIP ALSO SHOULD TURN ON A BRIGHT WARNING LIGHT
M05_446C020F_STR,9.11575,/et05_str_simu/M05_446C020F_STR.wav,UNDER THE PROPOSED TRANSACTION THE LOS ANGELES GROUP WOULD ACQUIRE THE K. H. J. LICENSE AND THEN SELL ITSELF TO DISNEY
M05_445C0209_STR,5.939625,/et05_str_simu/M05_445C0209_STR.wav,AND BOTH MORTGAGED THEIR HOMES TO SECURE THE LOANS THEY NEEDED TO START THE BUSINESS
F06_445C0201_STR,8.24825,/et05_str_simu/F06_445C0201_STR.wav,OWENS ILLINOIS SAID ITS SHARE PURCHASES WOULD BE FINANCED BY EXISTING CREDIT LINES AND NEW ONES TO BE ARRANGED
M05_440C020J_STR,7.979875,/et05_str_simu/M05_440C020J_STR.wav,THE INDEPENDENT COMMITTEE WILL RECOMMEND THAT HOLDERS ACCEPT THE OFFER AT A MEETING EXPECTED TO BE HELD IN DECEMBER T. W. A. SAID
F05_445C020O_STR,1.884,/et05_str_simu/F05_445C020O_STR.wav,A LENGTHY FIGHT IS LIKELY
F05_447C020S_STR,4.300125,/et05_str_simu/F05_447C020S_STR.wav,BUT WHILE THE FED STANDS PAT IT IS COMING UNDER INCREASING ATTACK FROM BOTH SIDES
F05_440C020O_STR,5.688125,/et05_str_simu/F05_440C020O_STR.wav,UNABLE TO AGREE ON FRIDAY THE BOARD MUST MEET AGAIN AT LEAST BY PHONE TO REGISTER ITS CHOICE
M06_443C020Z_STR,6.112375,/et05_str_simu/M06_443C020Z_STR.wav,COMPANIES LISTED BELOW REPORTED QUARTERLY PROFIT SUBSTANTIALLY DIFFERENT FROM THE AVERAGE OF ANALYSTS' ESTIMATES
F05_443C0203_STR,6.7643125,/et05_str_simu/F05_443C0203_STR.wav,USING A MEASURE THAT COUNTS THE MILITARY AMONG THE EMPLOYED THE RATE WAS UNCHANGED AT SIX POINT SIX PERCENT LAST MONTH
M05_442C0205_STR,9.628,/et05_str_simu/M05_442C0205_STR.wav,M. I. C. C. SAID IT INTENDS TO PAY THE DIVIDEND ARREARS ON JULY THIRTY FIRST TO STOCK OF RECORD JULY SECOND
M05_441C0208_STR,9.3080625,/et05_str_simu/M05_441C0208_STR.wav,THE OVERALL GAIN THE FIFTH IN THE PAST SEVEN MONTHS FOLLOWED A REVISED FOUR POINT ONE PERCENT INCREASE IN FEBRUARY
M05_441C0213_STR,8.643625,/et05_str_simu/M05_441C0213_STR.wav,THE ONE HUNDRED SHARE INDEX CLOSED SIX POINT EIGHT POINTS LOWER AT ONE THOUSAND SEVEN HUNDRED FIFTY NINE POINT NINE
M06_446C0202_STR,6.54,/et05_str_simu/M06_446C0202_STR.wav,TO MAKE THEM DIRECTLY COMPARABLE EACH INDEX IS BASED ON THE CLOSE OF NINETEEN SIXTY NINE EQUALING ONE HUNDRED
M06_440C020N_STR,6.9601875,/et05_str_simu/M06_440C020N_STR.wav,IT CAN SIGN ONTO THE PLAN FILE A COMPETING PLAN OR TAKE A COMPLETELY PASSIVE ROLE THAT NEITHER ENDORSES NOR OPPOSES A PLAN
M05_441C0201_STR,4.8598125,/et05_str_simu/M05_441C0201_STR.wav,FIRST COMMODITY APPEALED THE EXPULSION AND FINE TO THE C. F. T. C.
F06_445C020B_STR,4.960125,/et05_str_simu/F06_445C020B_STR.wav,BUT IT IS MR. WEST UPON WHOM THE OUTCOME PROBABLY DEPENDS MOST
F05_444C0214_STR,5.8120625,/et05_str_simu/F05_444C0214_STR.wav,MONEY MANAGERS WHO SELL THEIR FIRMS BUT THEN CONTINUE WORKING FOR THEM MAY BE LESS DEDICATED UNDER NEW OWNERSHIP THEY SAY
F05_446C020N_STR,4.4120625,/et05_str_simu/F05_446C020N_STR.wav,THE REAL ESTATE INVESTMENT TRUST SAID IT WAS STILL HOPING TO REACH A NEW CREDIT ARRANGEMENT
F05_441C0214_STR,6.548,/et05_str_simu/F05_441C0214_STR.wav,HE ALSO SAID THAT THE COMPANY FOR THE FIRST TIME WAS DEVELOPING DRUGS SPECIFICALLY FOR THE OVER THE COUNTER CONSUMER HEALTH CARE MARKET
M06_447C020O_STR,4.328125,/et05_str_simu/M06_447C020O_STR.wav,THE COMPANY EXPECTS TO REPORT ITS RESULTS IN ABOUT TWO WEEKS
M06_442C020U_STR,7.248125,/et05_str_simu/M06_442C020U_STR.wav,THE ONE HUNDRED SHARE INDEX CLOSED SIX POINT EIGHT POINTS LOWER AT ONE THOUSAND SEVEN HUNDRED FIFTY NINE POINT NINE
F06_441C020G_STR,5.4240625,/et05_str_simu/F06_441C020G_STR.wav,ELDERS FINANCE AND ELDERS AGRIBUSINESS WILL REMAIN BASED IN AUSTRALIA
M06_440C020U_STR,10.248625,/et05_str_simu/M06_440C020U_STR.wav,THE RATE ON THE LATEST THREE MONTH BILLS DECLINED TO SIX POINT FOUR THREE PERCENT BID FROM AN AVERAGE OF SIX POINT FIVE THREE PERCENT SET AT TUESDAY'S AUCTION
F06_446C0209_STR,7.656125,/et05_str_simu/F06_446C0209_STR.wav,MR. ICAHN AND AN INVESTOR GROUP HE HEADS HOLD SEVENTY TWO POINT SEVEN PERCENT OF T. W. A.'S SHARES
F05_444C020B_STR,7.9241875,/et05_str_simu/F05_444C020B_STR.wav,MONDAY'S CRASH IS LIKELY TO AFFECT AT LEAST ONE OTHER PIECE OF PENDING LEGISLATION THE SWEEPING TRADE BILL THAT IS NOW THE SUBJECT OF A HOUSE SENATE CONFERENCE
M05_447C0203_STR,3.2356875,/et05_str_simu/M05_447C0203_STR.wav,AND I'M SURE YOU HAVE YOUR OWN LIST
F06_447C020J_STR,8.248625,/et05_str_simu/F06_447C020J_STR.wav,IN THE EFFORTS TO RESTORE MARKET CONFIDENCE ADMINISTRATION OFFICIALS HAVE EMPHASIZED THAT THE ECONOMY'S FUNDAMENTALS REMAIN SOUND
M05_442C020O_STR,7.98775,/et05_str_simu/M05_442C020O_STR.wav,BUT IF THE WINNING BIDS ARE AS HIGH AS THEY WERE IN SOME DEALS EARLIER THIS YEAR THEN WE'RE NOT GOING TO BE WINNING BIDDERS
F06_444C020N_STR,1.7356875,/et05_str_simu/F06_444C020N_STR.wav,WE DIDN'T LIKE THAT
M05_445C020Q_STR,4.7559375,/et05_str_simu/M05_445C020Q_STR.wav,IF THE DOLLAR STARTS TO PLUNGE THE FED MAY STEP UP ITS DEFENSE OF THE CURRENCY
M05_446C0214_STR,5.77175,/et05_str_simu/M05_446C0214_STR.wav,INDUSTRY ANALYSTS VALUE THE COMPANY AT ABOUT SIX HUNDRED FIFTY MILLION DOLLARS
F05_446C0206_STR,2.5879375,/et05_str_simu/F05_446C0206_STR.wav,WE'RE NOT PREPARED TO BE ADVOCATES FOR THE K. G. B.
M06_443C020L_STR,5.6321875,/et05_str_simu/M06_443C020L_STR.wav,WHEN ITS INITIAL PUBLIC OFFERING IS COMPLETED ASHLAND IS EXPECTED TO RETAIN A FORTY SIX PERCENT STAKE
M06_444C0204_STR,5.9121875,/et05_str_simu/M06_444C0204_STR.wav,SEPARATELY NEW YORK STATE SOLD ABOUT SEVENTY SEVEN POINT ONE MILLION DOLLARS OF CERTIFICATES OF PARTICIPATION
F05_440C020P_STR,6.723875,/et05_str_simu/F05_440C020P_STR.wav,COMMERCE DEPARTMENT OFFICIALS NOTED HOWEVER THAT AUTO IMPORTS USUALLY RISE IN OCTOBER AS DEALERS FILL THEIR INVENTORIES WITH NEW MODELS
M06_443C0208_STR,6.944,/et05_str_simu/M06_443C0208_STR.wav,LOCAL MEMBERSHIP JUMPED TWENTY TWO PERCENT BUT THE UNION HAS ALREADY LOST TWENTY EIGHT OF THE SEVENTY THREE NEW MEMBERS
F06_443C020T_STR,7.136,/et05_str_simu/F06_443C020T_STR.wav,VISA AND MASTERCARD FEES VARY BECAUSE THEY ARE SET BY THE BANKS OR OTHER INSTITUTIONS THAT ISSUE THE CARDS
F06_446C0208_STR,3.76,/et05_str_simu/F06_446C0208_STR.wav,BUT THE INVESTIGATION COULD MAKE SOME LENDERS WARY
M05_441C0202_STR,5.7358125,/et05_str_simu/M05_441C0202_STR.wav,A COMMISSION SPOKESMAN SAID A DECISION ON THE APPEAL IS EXPECTED SOON
M05_444C0212_STR,10.955625,/et05_str_simu/M05_444C0212_STR.wav,REALIZED CAPITAL GAINS INCREASED FORTY TWO PERCENT TO NINE HUNDRED NINE MILLION DOLLARS FROM SIX HUNDRED FORTY POINT NINE MILLION DOLLARS
M06_444C020M_STR,3.3040625,/et05_str_simu/M06_444C020M_STR.wav,WE HAD TO SUSTAIN SOME MODEST OPERATING LOSSES
M06_447C020C_STR,7.224125,/et05_str_simu/M06_447C020C_STR.wav,SENDING THE REFUGEES BACK ISN'T THEIR IDEA IT'S JUST WHAT THE OPPOSITION POLITICIANS ARE SAYING IN OUR COUNTRY THESE DAYS
F05_443C020J_STR,5.755625,/et05_str_simu/F05_443C020J_STR.wav,COMPANIES ARE LISTED WHERE TRANSACTIONS GENERALLY AGGREGATE TEN THOUSAND SHARES OR ONE HUNDRED THOUSAND DOLLARS
M05_446C020G_STR,7.5155625,/et05_str_simu/M05_446C020G_STR.wav,THE CLOSELY HELD GROUP DOESN'T HAVE ANY SIGNIFICANT ASSETS ACCORDING TO WILLIAM G. SIMON ITS PRESIDENT
F05_445C020Y_STR,2.50425,/et05_str_simu/F05_445C020Y_STR.wav,NEITHER SIDE WOULD DISCLOSE TERMS
M05_440C020M_STR,5.0199375,/et05_str_simu/M05_440C020M_STR.wav,TEXACO HAS THREE CHOICES A COMPANY ADVISER SAYS
F05_443C020I_STR,6.580125,/et05_str_simu/F05_443C020I_STR.wav,UNLESS OTHERWISE NOTED CHANGES INVOLVED DIRECT HOLDINGS OF COMMON STOCK AND TOOK PLACE IN SEPTEMBER AND OCTOBER OF NINETEEN EIGHTY SEVEN
M05_441C020L_STR,6.987625,/et05_str_simu/M05_441C020L_STR.wav,THOSE IDENTIFIED AS BENEFICIAL OWNERS HOLD AT LEAST TEN PERCENT OF A COMPANY'S EQUITY SECURITIES
M06_441C0212_STR,9.704,/et05_str_simu/M06_441C0212_STR.wav,VOLUME WAS MODEST AS THREE HUNDRED TWENTY SIX POINT SEVEN MILLION SHARES CHANGED HANDS COMPARED WITH THREE HUNDRED NINETY SIX POINT FIVE MILLION FRIDAY
F06_445C0215_STR,6.000125,/et05_str_simu/F06_445C0215_STR.wav,AND AFTER A TEMPORARY DOWNTURN IN THE NEXT COUPLE OF YEARS THE NUMBERS PROBABLY WILL GO BACK UP
M06_445C020T_STR,6.5119375,/et05_str_simu/M06_445C020T_STR.wav,NO ONE IS MAKING VERY MUCH MONEY ON IT ACKNOWLEDGES BRIAN J. KELLY CHAIRMAN OF BELL ATLANTIC'S INVESTMENT DEVELOPMENT UNIT
M05_442C0208_STR,9.5238125,/et05_str_simu/M05_442C0208_STR.wav,THE COMPANY WHICH RUNS RETAIL AUTOMOTIVE STORES TOLD SHEARSON LEHMAN BROTHERS ITS FINANCIAL ADVISER TO TERMINATE DISCUSSIONS TO SELL THE FIRM
M06_445C0205_STR,3.276,/et05_str_simu/M06_445C0205_STR.wav,NO ONE AT THE STATE DEPARTMENT WANTS TO LET SPIES IN
M05_440C0203_STR,3.987875,/et05_str_simu/M05_440C0203_STR.wav,ABOUT HALF THESE MANAGERS ARE IN THE U. S.
F06_445C020U_STR,3.9439375,/et05_str_simu/F06_445C020U_STR.wav,WE HAD TO SUSTAIN SOME MODEST OPERATING LOSSES
M05_445C0216_STR,5.4444375,/et05_str_simu/M05_445C0216_STR.wav,WHERE ELSE IN THE THIRD WORLD IS THERE SO MUCH ENERGY AND PROGRESS AS IN CHINA
F06_445C0212_STR,3.592125,/et05_str_simu/F06_445C0212_STR.wav,THE REAL CHANGE THOUGH IS IN HOW CHINA LOOKS
M05_441C020E_STR,7.4758125,/et05_str_simu/M05_441C020E_STR.wav,ELDERS BREWING WILL BE BASED OUTSIDE AUSTRALIA BECAUSE SEVENTY PERCENT OF ITS ASSETS ARE IN BRITAIN AND CANADA
M06_440C0214_STR,2.64025,/et05_str_simu/M06_440C0214_STR.wav,HE DECLINED TO NAME SPECIFIC PRODUCTS
F05_447C020Q_STR,5.836125,/et05_str_simu/F05_447C020Q_STR.wav,THE TRANSACTION REQUIRES APPROVAL OF A MAJORITY OF THE SHARES OF THE HOLDERS NOT AFFILIATED WITH MR. ICAHN
M06_442C020F_STR,5.7239375,/et05_str_simu/M06_442C020F_STR.wav,THIS MORNING THE ASKING PRICE FOR THE STOCK WAS FOUR THOUSAND EIGHT HUNDRED FIFTY BUT THERE ARE WERE NO BUYERS
M06_446C020P_STR,1.856,/et05_str_simu/M06_446C020P_STR.wav,IT'S STILL UNCLEAR
M05_443C020S_STR,3.9559375,/et05_str_simu/M05_443C020S_STR.wav,A PRINT MEDIA CAMPAIGN WILL BEGIN THE FOLLOWING DAY
F06_445C020V_STR,2.136,/et05_str_simu/F06_445C020V_STR.wav,WE DIDN'T LIKE THAT
F05_445C020I_STR,3.2201875,/et05_str_simu/F05_445C020I_STR.wav,THE AIRLINE IMPOSED THE CONTRACT WITHOUT UNION BARGAINING
F05_443C0205_STR,6.612125,/et05_str_simu/F05_443C0205_STR.wav,M. I. C. C. SAID IT INTENDS TO PAY THE DIVIDEND ARREARS ON JULY THIRTY FIRST TO STOCK OF RECORD JULY SECOND
F05_447C0209_STR,2.9641875,/et05_str_simu/F05_447C0209_STR.wav,WASHINGTON NATIONAL IS A FINANCIAL SERVICES CONCERN
M06_446C0203_STR,2.6960625,/et05_str_simu/M06_446C0203_STR.wav,THE PERCENTAGE CHANGE IS SINCE YEAR END
F06_444C020J_STR,7.9920625,/et05_str_simu/F06_444C020J_STR.wav,SONY WHICH LOST POINTS IN PREVIOUS SESSIONS THIS WEEK REBOUNDED EIGHTY TO FIVE THOUSAND ONE HUNDRED THIRTY
F06_447C020Z_STR,5.280125,/et05_str_simu/F06_447C020Z_STR.wav,SEVERAL CITIES HAVE VERSIONS OF THE BRITISH ORGANIZATION BODY POSITIVE
M06_447C020U_STR,6.148125,/et05_str_simu/M06_447C020U_STR.wav,OTHER ANALYSTS SAY THE FED NEEDS TO TIGHTEN POLICY FURTHER TO SUPPORT THE DOLLAR AND PREVENT INFLATION
F06_440C020Z_STR,5.976125,/et05_str_simu/F06_440C020Z_STR.wav,UTILITY ANALYSTS HOWEVER EXPECT THE AGREEMENT TO BE COMPLETED WITHOUT MUCH DIFFICULTY
M05_446C0212_STR,12.3475625,/et05_str_simu/M05_446C0212_STR.wav,CLOSELY HELD TIMES PUBLISHING ALSO OWNS TWO WASHINGTON BASED PUBLICATIONS CONGRESSIONAL QUARTERLY WHICH COVERS CAPITOL HILL AND GOVERNING WHICH COVERS STATE AND LOCAL GOVERNMENTS
M05_440C020D_STR,7.987625,/et05_str_simu/M05_440C020D_STR.wav,INTEREST RATES ROSE ON SHORT TERM TREASURY BILLS SOLD BY THE GOVERNMENT YESTERDAY AT ITS REGULAR WEEKLY AUCTION
M05_441C020Y_STR,6.2839375,/et05_str_simu/M05_441C020Y_STR.wav,REPUBLIC NEW YORK ROSE ONE AND ONE QUARTER TO FORTY FIVE AND SEVEN EIGHTHS
M05_441C020I_STR,10.623625,/et05_str_simu/M05_441C020I_STR.wav,ITS BIGGEST WAS THE ONE BILLION DOLLAR PURCHASE OF THE UNITED TECHNOLOGIES CORPORATION'S INMONT SUBSIDIARY A MAJOR SUPPLIER OF PAINT TO THE AUTO INDUSTRY
M05_444C0207_STR,5.7398125,/et05_str_simu/M05_444C0207_STR.wav,THE ISSUE IS RATED SINGLE A BY MOODY'S AND SINGLE A MINUS BY S. AND P.
F06_442C0202_STR,6.416125,/et05_str_simu/F06_442C0202_STR.wav,ACCEPTED BIDS RANGED FROM SIX POINT TWO PERCENT TO SIX POINT TWO TWO FIVE PERCENT
M05_441C020Q_STR,5.803625,/et05_str_simu/M05_441C020Q_STR.wav,IF THE FED PUSHES THE DOLLAR HIGHER IT MAY CURB THE DEMAND FOR U. S. EXPORTS
F05_443C0210_STR,5.7961875,/et05_str_simu/F05_443C0210_STR.wav,THE COMPANIES ARE FOLLOWED BY AT LEAST THREE ANALYSTS AND HAD A MINIMUM FIVE CENT CHANGE IN ACTUAL EARNINGS PER SHARE
F05_447C020M_STR,4.7961875,/et05_str_simu/F05_447C020M_STR.wav,ENVIRODYNE SAID IT EXPECTS SALES TO BE THE HIGHEST FOR ANY THIRD QUARTER IN THE COMPANY'S HISTORY
F06_441C020U_STR,1.7916875,/et05_str_simu/F06_441C020U_STR.wav,OUR GUESS IS NO
F06_444C020Z_STR,8.5441875,/et05_str_simu/F06_444C020Z_STR.wav,THERE WERE TWO HUNDRED FIFTY SIX ISSUES ADVANCING THREE HUNDRED THREE DECLINING AND TWO HUNDRED NINETY TWO UNCHANGED
M05_441C020W_STR,7.2038125,/et05_str_simu/M05_441C020W_STR.wav,ALTHOUGH CLOSED END FUNDS HAVE BEEN AROUND SINCE AT LEAST THE NINETEEN TWENTIES THEY HAVE BOOMED IN POPULARITY THIS YEAR
F06_445C0211_STR,3.45625,/et05_str_simu/F06_445C0211_STR.wav,A PRINT MEDIA CAMPAIGN WILL BEGIN THE FOLLOWING DAY
F06_447C020P_STR,8.7523125,/et05_str_simu/F06_447C020P_STR.wav,THE INDEPENDENT COMMITTEE WILL RECOMMEND THAT HOLDERS ACCEPT THE OFFER AT A MEETING EXPECTED TO BE HELD IN DECEMBER T. W. A. SAID
M06_443C020P_STR,9.6560625,/et05_str_simu/M06_443C020P_STR.wav,IN ADDITION U. S. WEST DATA SOLUTIONS BUSINESS APPLIED COMMUNICATIONS INCORPORATED IS WORKING OUT WELL AND PERFORMING AHEAD OF ALL OUR SCHEDULES
F05_440C020H_STR,5.516125,/et05_str_simu/F05_440C020H_STR.wav,IN A FUNDAMENTAL SENSE THE EQUITY MARKETS HAVE VERY LITTLE TO DO WITH WHAT GOES ON IN THE COMMERCIAL BANKS
F05_446C020K_STR,5.44425,/et05_str_simu/F05_446C020K_STR.wav,IN MANY WAYS THAT'S JUST WHAT U. B. S. HAS DONE SINCE MR. SENN WAS NAMED PRESIDENT IN NINETEEN EIGHTY
M05_443C0209_STR,8.548,/et05_str_simu/M05_443C0209_STR.wav,NONETHELESS THE UNION HAS MOVED THE EXPERIMENT TO RICHMOND VIRGINIA AND HAS RECEIVED INQUIRIES FROM OTHER UNIONS ABOUT ITS TACTICS
M06_442C0203_STR,4.6640625,/et05_str_simu/M06_442C0203_STR.wav,THE BANK HOLDING COMPANY SLATED ANOTHER FIFTY MILLION DOLLAR SALE NEXT TUESDAY
M06_441C020A_STR,5.86425,/et05_str_simu/M06_441C020A_STR.wav,IF DEFENSE IS EXCLUDED MARCH ORDERS ROSE ONE PERCENT AFTER A THREE PERCENT INCREASE IN FEBRUARY
M05_441C020D_STR,5.81175,/et05_str_simu/M05_441C020D_STR.wav,IT RECEIVED NO PROPOSALS THAT WERE IN THE BEST INTEREST OF THE SHAREHOLDERS THE COMPANY SAID
M05_442C020B_STR,7.132,/et05_str_simu/M05_442C020B_STR.wav,SHAMROCK'S PRETAX PROFIT FROM THE SALE WAS ONE HUNDRED TWENTY FIVE MILLION DOLLARS A SPOKESWOMAN SAID
F05_443C020G_STR,8.004375,/et05_str_simu/F05_443C020G_STR.wav,THE FOLLOWING OFFICERS DIRECTORS AND LARGE STOCKHOLDERS OF COMPANIES REPORTED CHANGES IN HOLDINGS UNDER THE SECURITIES EXCHANGE ACT OF NINETEEN THIRTY FOUR
F05_442C0201_STR,4.2840625,/et05_str_simu/F05_442C0201_STR.wav,BIDS TOTALING FIVE HUNDRED TWENTY FIVE POINT FIVE MILLION DOLLARS WERE SUBMITTED
F06_442C020S_STR,11.9443125,/et05_str_simu/F06_442C020S_STR.wav,AT THE CLOSE THE FINANCIAL TIMES THIRTY SHARE INDEX WAS THREE POINT NINE POINTS LOWER AT ONE THOUSAND FOUR HUNDRED EIGHTEEN POINT SIX
F05_446C020L_STR,7.812125,/et05_str_simu/F05_446C020L_STR.wav,ASSETS MORE THAN DOUBLED SINCE THEN TO ONE HUNDRED SIXTY POINT FOUR BILLION SWISS FRANCS ONE HUNDRED FIFTEEN POINT SIX BILLION DOLLARS IN NINETEEN EIGHTY SEVEN
M06_441C0209_STR,3.848,/et05_str_simu/M06_441C0209_STR.wav,THE EARLIER RISE WAS PREVIOUSLY REPORTED AS FOUR POINT THREE PERCENT
F06_447C020N_STR,7.1039375,/et05_str_simu/F06_447C020N_STR.wav,IT HAD SALES OF NINETY ONE POINT FIVE MILLION DOLLARS IN THE NINETEEN EIGHTY SIX THIRD QUARTER
F05_447C020T_STR,7.4283125,/et05_str_simu/F05_447C020T_STR.wav,SOME CRITICS INCLUDING HIGH REAGAN ADMINISTRATION OFFICIALS ARE RAISING THE ALARM THAT THE FED'S POLICY IS TOO TIGHT AND COULD CAUSE A RECESSION NEXT YEAR
M06_443C020E_STR,5.33625,/et05_str_simu/M06_443C020E_STR.wav,KYOCERA WAS UP SIXTY AT FIVE THOUSAND TWO HUNDRED SIXTY
M05_447C020R_STR,4.067875,/et05_str_simu/M05_447C020R_STR.wav,THE INVESTOR NOW OWNS SEVENTY THREE PERCENT OF THE COMPANY
F06_447C0208_STR,11.2644375,/et05_str_simu/F06_447C0208_STR.wav,BEFORE THE TRANSACTION WASHINGTON NATIONAL CONTROLLED ONE POINT EIGHT MILLION UNITED PRESIDENTIAL SHARES OR FORTY ONE POINT FIVE PERCENT OF THE COMPANY
M06_444C0205_STR,8.032375,/et05_str_simu/M06_444C0205_STR.wav,THE ISSUE WAS PRICED AFTER AUCTION TO YIELD FROM THREE POINT FIVE PERCENT IN NINETEEN EIGHTY SEVEN TO FIVE POINT FIVE PERCENT IN NINETEEN NINETY SEVEN
M06_440C0213_STR,4.672,/et05_str_simu/M06_440C0213_STR.wav,HE SAID SUCH PRODUCT WOULD BE MARKETED BY OTHER COMPANIES WITH EXPERIENCE IN THAT BUSINESS
F06_441C0204_STR,8.77625,/et05_str_simu/F06_441C0204_STR.wav,AND THEN THERE'S THE EXPLANATION OF WHY TERADYNE'S GROWTH IN JAPAN IS SLOW DESPITE FIFTEEN YEARS OF EFFORT
M06_442C020G_STR,4.32,/et05_str_simu/M06_442C020G_STR.wav,A MONSANTO SPOKESMAN SAID THERE'S VERY LITTLE WE CAN SAY
M05_440C0207_STR,8.412,/et05_str_simu/M05_440C0207_STR.wav,THE AGENCY ISN'T LIKELY TO TAKE ANY ACTION UNTIL THE UNION'S RANK AND FILE VOTES ON THE CONTRACT IN TWO TO THREE WEEKS
M06_443C0211_STR,3.7519375,/et05_str_simu/M06_443C0211_STR.wav,ESTIMATED AND ACTUAL RESULTS INVOLVING LOSSES ARE OMITTED
F06_446C020O_STR,4.7199375,/et05_str_simu/F06_446C020O_STR.wav,WE'RE NOT READY TO SAY WE'RE IN TECHNICAL DEFAULT A SPOKESMAN SAID
F06_445C0214_STR,7.096125,/et05_str_simu/F06_445C0214_STR.wav,THE NUMBERS LOOKED AMAZINGLY GOOD INDUSTRIAL GROWTH RATES ABOVE TEN PERCENT PER YEAR YEAR AFTER YEAR
F05_440C020F_STR,5.65225,/et05_str_simu/F05_440C020F_STR.wav,THE AVERAGE RATE ON NEW TWENTY SIX WEEK BILLS ROSE TO SIX POINT ONE SIX PERCENT FROM SIX POINT ONE TWO PERCENT
F05_442C020Y_STR,6.488,/et05_str_simu/F05_442C020Y_STR.wav,HE ALSO SAID THAT THE COMPANY FOR THE FIRST TIME WAS DEVELOPING DRUGS SPECIFICALLY FOR THE OVER THE COUNTER CONSUMER HEALTH CARE MARKET
F05_440C0204_STR,7.34825,/et05_str_simu/F05_440C0204_STR.wav,R. L. I. CORPORATION A PEORIA ILLINOIS BASED INSURANCE HOLDING COMPANY WILL BEGIN TRADING FRIDAY ON THE BIG BOARD UNDER THE SYMBOL R. L. I.
F05_446C020V_STR,6.996125,/et05_str_simu/F05_446C020V_STR.wav,THE MAY SLUMP REPORTED JUNE TWENTY SECOND CAME AS A BIG SURPRISE TO MOST ANALYSTS AND HELPED TRIGGER A POWERFUL BOND RALLY THAT DAY
M06_444C020O_STR,7.1601875,/et05_str_simu/M06_444C020O_STR.wav,THE COMPANY DECLINED TO IDENTIFY THE BIDDERS BUT SAID IT RECEIVED OFFERS IN THE HIGH FORTY DOLLARS PER SHARE
F06_445C020N_STR,9.8001875,/et05_str_simu/F06_445C020N_STR.wav,CONISTON PARTNERS OF NEW YORK SAID IT HAS A SIX POINT EIGHT PERCENT STAKE IN GILLETTE AND MAY SEEK TO ACQUIRE THE COMPANY OR GAIN SEATS ON ITS BOARD
F05_447C020H_STR,4.7085625,/et05_str_simu/F05_447C020H_STR.wav,THE TORONTO BASED GOLD MINING CONCERN SAID PROCEEDS WOULD BE USED FOR GENERAL PURPOSES
F05_442C020A_STR,8.164125,/et05_str_simu/F05_442C020A_STR.wav,UNDER TERMS PREVIOUSLY REPORTED THE ITALIAN AGRICULTURAL CONCERN ASSUMED ABOUT ONE HUNDRED NINETY FIVE MILLION DOLLARS IN SUBORDINATED DEBT AS PART OF THE TRANSACTION
F05_440C0210_STR,7.0604375,/et05_str_simu/F05_440C0210_STR.wav,YESTERDAY MOODY'S INVESTORS SERVICE RAISED LILCO'S CREDIT RATINGS IN RECOGNITION OF THE IMPROVED OUTLOOK FOR STEADY FINANCIAL RECOVERY
F05_442C020P_STR,7.156375,/et05_str_simu/F05_442C020P_STR.wav,THE COMPANY SAID IT WOULD BEGIN A DUTCH AUCTION LATER THIS WEEK FOR AS MANY AS FORTY MILLION SHARES OR TWENTY SIX PERCENT OF ITS SHARES OUTSTANDING
M06_447C0216_STR,8.400125,/et05_str_simu/M06_447C0216_STR.wav,THE INDEX ENDED WITH A DECLINE OF ZERO POINT THREE FIVE POINT TO ONE THOUSAND TWO HUNDRED SEVENTY TWO POINT ONE EIGHT
F05_443C0206_STR,4.9163125,/et05_str_simu/F05_443C0206_STR.wav,THE TORONTO BASED COMPANY PROVIDES MORTGAGE GUARANTEES TO THE CANADIAN REAL ESTATE INDUSTRY
M05_443C020V_STR,4.1639375,/et05_str_simu/M05_443C020V_STR.wav,IN CERTAIN CASES THE CARDS ARE GIVEN FREE TO SUBSCRIBERS
M06_443C020M_STR,4.8721875,/et05_str_simu/M06_443C020M_STR.wav,THE NEW COMPANY ASHLAND COAL INCORPORATED IS LISTED ON THE NEW YORK STOCK EXCHANGE
F06_447C0202_STR,2.7600625,/et05_str_simu/F06_447C0202_STR.wav,I HAVE MY LIST OF CHANGES I'D LIKE TO SEE
F06_442C020E_STR,9.0241875,/et05_str_simu/F06_442C020E_STR.wav,UNDER TOKYO TRADING RULES THE MAXIMUM ONE DAY DROP FOR SONY IS FIVE HUNDRED YEN ABOUT THREE DOLLARS AND FIFTY CENTS
M05_441C020H_STR,5.6280625,/et05_str_simu/M05_441C020H_STR.wav,TWO YEARS AGO B. A. S. F. MADE THREE SEPARATE ACQUISITIONS IN THE U. S.
F06_445C020D_STR,6.1600625,/et05_str_simu/F06_445C020D_STR.wav,GRAND AUTO SLID THREE TO FIFTEEN AND ONE EIGHTH ON THE AMERICAN STOCK EXCHANGE
M06_444C0203_STR,8.600125,/et05_str_simu/M06_444C0203_STR.wav,REVENUE IN THE QUARTER MORE THAN DOUBLED TO THREE HUNDRED SIXTY TWO POINT FOUR MILLION DOLLARS FROM ONE HUNDRED FORTY NINE POINT TWO MILLION DOLLARS
F06_446C0204_STR,7.5361875,/et05_str_simu/F06_446C0204_STR.wav,THE CONSENSUS WAS THAT A NEW PIECE OF PAPER ISN'T REQUIRED SAID ONE U. S. DIPLOMAT
M06_444C020T_STR,4.984,/et05_str_simu/M06_444C020T_STR.wav,THE MARKET'S STRENGTH MAY SHOW THAT DEMAND ISN'T ALL A CREATION OF INCENTIVES
M06_441C020O_STR,5.552125,/et05_str_simu/M06_441C020O_STR.wav,ABOUT ALL BUSINESSMEN CAN COUNT ON IS THAT POLICY WILL BE PRETTY VOLATILE
M05_442C0209_STR,6.187625,/et05_str_simu/M05_442C0209_STR.wav,IT RECEIVED NO PROPOSALS THAT WERE IN THE BEST INTEREST OF THE SHAREHOLDERS THE COMPANY SAID
F05_441C0207_STR,2.652,/et05_str_simu/F05_441C0207_STR.wav,IN JAPAN IT'S ALL GREEK SO TO SPEAK
M05_445C0204_STR,5.916,/et05_str_simu/M05_445C0204_STR.wav,THE CONSENSUS WAS THAT A NEW PIECE OF PAPER ISN'T REQUIRED SAID ONE U. S. DIPLOMAT
M06_444C020W_STR,3.4880625,/et05_str_simu/M06_444C020W_STR.wav,A PRINT MEDIA CAMPAIGN WILL BEGIN THE FOLLOWING DAY
M06_441C020V_STR,6.0801875,/et05_str_simu/M06_441C020V_STR.wav,CLOSED END FUNDS ARE TRADED ON EXCHANGES LIKE STOCKS BUT INVEST IN A WIDE PORTFOLIO OF OTHER SECURITIES
M06_443C020X_STR,7.520125,/et05_str_simu/M06_443C020X_STR.wav,VOLUME WAS EIGHTEEN MILLION ONE HUNDRED NINETY THOUSAND SHARES COMPARED WITH TEN MILLION FIVE HUNDRED FIFTY THOUSAND MONDAY
F05_445C020P_STR,3.9803125,/et05_str_simu/F05_445C020P_STR.wav,ABOUT ALL THE BUSINESSMAN CAN COUNT ON IS THAT POLICY WILL BE PRETTY VOLATILE
M05_445C020G_STR,10.2996875,/et05_str_simu/M05_445C020G_STR.wav,THE ORDER ISSUED LATE WEDNESDAY BY JUDGE DIANA MURPHY STEMS FROM A SUIT FILED IN FEDERAL COURT LAST MONTH BY THE UNION REPRESENTING THE MACHINISTS
M06_442C020L_STR,7.5040625,/et05_str_simu/M06_442C020L_STR.wav,THE MAY SLUMP REPORTED JUNE TWENTY SECOND CAME AS A BIG SURPRISE TO MOST ANALYSTS AND HELPED TRIGGER A POWERFUL BOND RALLY THAT DAY
M05_445C020W_STR,10.0996875,/et05_str_simu/M05_445C020W_STR.wav,THE JURY AWARDED MR. SCHARENBERG ONE HUNDRED FIVE MILLION DOLLARS A FIGURE BASED ON TEN YEARS OF PROFITS HAD HIS PROJECT BEEN COMPLETED
F06_447C0212_STR,8.46425,/et05_str_simu/F06_447C0212_STR.wav,NO ONE IS MAKING VERY MUCH MONEY ON IT ACKNOWLEDGES BRIAN J. KELLY CHAIRMAN OF BELL ATLANTIC'S INVESTMENT DEVELOPMENT UNIT
M05_442C0215_STR,7.6676875,/et05_str_simu/M05_442C0215_STR.wav,MONEY MANAGERS WHO SELL THEIR FIRMS BUT THEN CONTINUE WORKING FOR THEM MAY BE LESS DEDICATED UNDER NEW OWNERSHIP THEY SAY
M05_447C020D_STR,3.5559375,/et05_str_simu/M05_447C020D_STR.wav,I WILL TELL YOU WHAT I THINK IN MY OFFICE
F05_446C020W_STR,4.0124375,/et05_str_simu/F05_446C020W_STR.wav,DURABLE GOODS REPORTS FREQUENTLY ARE HIGHLY VOLATILE FROM MONTH TO MONTH
M05_443C020A_STR,8.14775,/et05_str_simu/M05_443C020A_STR.wav,IN THE EFFORTS TO RESTORE MARKET CONFIDENCE ADMINISTRATION OFFICIALS HAVE EMPHASIZED THAT THE ECONOMY'S FUNDAMENTALS REMAIN SOUND
